S No,Page URL,Meta Title,Meta Description ,Menu,April Month,,,,,,,,,,,,,May Month,,,,,,,,,,,,
,,,,, Clicks,Impression,CTR,Position,Views,Active users,Views per active user,Average engagement time per active user,Event count,Key events,Total revenue,Bounce rate,Month, Clicks,Impression,CTR,Position,Views,Active users,Views per active user,Average engagement time per active user,Event count,Key events,Total revenue,Bounce rate,month
,,,,,1120,28302,0.4893,391.21,4836,3348,38.429218,1085.921464,14341,0,0,4.260135,April,955,24972,0.5016,477.3,4836,3348,38.429218,1085.921464,14341,0,0,4.260135,May
1,https://www.tactivesoft.com/,All-in-One Construction ERP Software,"Integrated construction management software for tracking entire construction processes, aimed at maximum productivity and optimum resource utilisation.",Home,890,12803,6.95%,10.91,1471,864,1.702546,36.75,4634,0,0,0.345503,April,788,12858,6.13%,12.35,1471,864,1.702546,36.75,4634,0,0,0.345503,May
2,https://www.tactivesoft.com/construction-management-software/,Construction Management Software | Tactive ERP Software Systems,"Tactive all-in-one Construction Management ERP software simplifies operations, improves coordination, and transforms project data into actionable insights.",Modules,10,1932,0.52%,2.87,167,100,1.67,26.69,356,0,0,0.093023,April,8,1527,0.52%,2.88,167,100,1.67,26.69,356,0,0,0.093023,May
3,https://www.tactivesoft.com/construction-estimation-software/,Tactive construction Estimation software | Tender management system,Achieve higher accuracy using the past tender and project execution history for rate analysis with our construction estimation software.,Modules,1,216,0.46%,34.38,110,68,1.617647,57.77941176,294,0,0,0.176471,April,3,134,2.24%,39.89,110,68,1.617647,57.77941176,294,0,0,0.176471,May
4,https://www.tactivesoft.com/construction-scheduling-software/,Construction Scheduling and Budgeting Software | Tactive ERP,Create Zero-cost budgeting and smart resource allocation with Tactive Construction Scheduling Software. Explore more with a Free Demo.,Modules,0,313,0.00%,21.68,66,39,1.692308,54.94871795,153,0,0,0.172414,April,0,370,0.00%,35.88,66,39,1.692308,54.94871795,153,0,0,0.172414,May
5,https://www.tactivesoft.com/construction-project-management-software/,Construction Project Management Software System | Tactive ERP,Monitor and control your entire project lifecycle with Tactive construction project management software System for Builders.,Modules,3,218,1.38%,8.75,76,58,1.310345,61.20689655,191,0,0,0.271605,April,1,182,0.55%,7.54,76,58,1.310345,61.20689655,191,0,0,0.271605,May
6,https://www.tactivesoft.com/construction-procurement-software/,Construction Procurement Software | Tactive ERP Solution,"Tactive construction procurement software offers end-to-end control over purchase workflows, vendor management, and order tracking on a single ERP platform.",Modules,1,481,0.21%,28.11,49,31,1.580645,59.19354839,127,0,0,0.166667,April,1,315,0.32%,41.01,49,31,1.580645,59.19354839,127,0,0,0.166667,May
7,https://www.tactivesoft.com/construction-inventory-software/,Construction Inventory Management Software | Tactive ERP,"Streamline material handling with leading construction inventory management software. Track, manage, and control materials with ease across every site.",Modules,2,464,0.43%,29.32,47,23,2.043478,146.0869565,105,0,0,0.219512,April,1,728,0.14%,55.16,47,23,2.043478,146.0869565,105,0,0,0.219512,May
8,https://www.tactivesoft.com/construction-equipment-management-software/,Construction Equipment Management Software | Tactive ERP,"Tactive construction equipment management software—procure, operate, maintain your assets & monitor productivity with full control over owned/hired equipment.",Modules,0,154,0.00%,20.53,24,16,1.5,32.1875,53,0,0,0.227273,April,0,163,0.00%,32.5,24,16,1.5,32.1875,53,0,0,0.227273,May
9,https://www.tactivesoft.com/construction-payroll-software/,Construction Payroll Software | Construction HR Software | Tactive,"Looking for HR & Payroll Software for construction? Tactive Construction ERP Software simplifies workforce tracking, payroll, and compliance.",Modules,5,190,2.63%,6.47,39,30,1.3,36.33333333,83,0,0,0.030303,April,1,73,1.37%,14.58,39,30,1.3,36.33333333,83,0,0,0.030303,May
10,https://www.tactivesoft.com/construction-accounting-software/,Construction Accounting Software | Finance and Accounts Management ERP,"Manage payables, receivables, taxation, and MIS easily with Construction Accounting Software integrated into your ERP for accurate finance control.",Modules,3,202,1.49%,15.16,21,13,1.615385,55.84615385,55,0,0,0.1,April,1,155,0.65%,24.74,21,13,1.615385,55.84615385,55,0,0,0.1,May
11,https://www.tactivesoft.com/key-features/,Key Features - Tactive ERP,Discover the powerful features that elevates Tactive's Construction ERP Software from generic solutions.,Features,3,154,1.95%,6.8,30,25,1.2,22.68,78,0,0,0.2,April,2,185,1.08%,10.44,30,25,1.2,22.68,78,0,0,0.2,May
12,https://www.tactivesoft.com/construction-erp-dashboards/,Dashboard - Tactive ERP,Discover Tactive's Terms of Use for a seamless user experience with our Construction ERP Software. Maximize benefits and ensure a smooth journey. Explore now!,Features,16,339,4.72%,3.79,64,46,1.391304,52.60869565,153,0,0,0.222222,April,14,343,4.08%,2.92,64,46,1.391304,52.60869565,153,0,0,0.222222,May
13,https://www.tactivesoft.com/construction-erp-reports/,Reports - Tactive ERP,Utilize Tactive's Construction ERP Software for data-driven reports. Make informed decisions with access to comprehensive analytics and insights.,Features,0,30,0.00%,8.43,7,6,1.166667,51,14,0,0,0,April,0,54,0.00%,20.06,7,6,1.166667,51,14,0,0,0,May
14,https://www.tactivesoft.com/construction-erp-integration/,Integration - Tactive ERP,Streamline your operations with seamless integration capability of Tactive Construction ERP Software.,Features,0,30,0.00%,16.93,10,10,1,8.2,24,0,0,0,April,0,26,0.00%,28.12,10,10,1,8.2,24,0,0,0,May
15,https://www.tactivesoft.com/construction-software-implementation/,Construction Software Implementation,Explore seamless Construction Software Implementation with Tactive ERP. Elevate project efficiency and streamline your construction processes effortlessly.,Features,0,82,0.00%,8.66,0,0,0,0,0,0,0,0,April,0,81,0.00%,7.75,0,0,0,0,0,0,0,0,May
16,https://www.tactivesoft.com/updates/,Updates - Tactive ERP,Stay updated with Tactive's latest releases and innovations. Be in the know about advancements in Construction ERP Software for optimal performance.,Resources,0,25,0.00%,10.04,5,2,2.5,3.5,6,0,0,0.5,April,0,28,0.00%,9.18,5,2,2.5,3.5,6,0,0,0.5,May
17,https://www.tactivesoft.com/resource-downloads/,Downloads - Tactive ERP,"Explore a wealth of resources, download case studies, and gain Construction ERP insights with Tactive. Elevate your understanding of industry best practices.",Resources,18,599,3.01%,2.99,45,32,1.40625,23,121,0,0,0.162162,April,9,702,1.28%,3.32,45,32,1.40625,23,121,0,0,0.162162,May
18,https://www.tactivesoft.com/brochure-and-datasheet/,Datasheet Downloads - Tactive ERP,Download Tactive's Construction ERP Software brochure and datasheet for comprehensive product information.,Resources,3,35,8.57%,8.14,12,10,1.2,25.5,25,0,0,0.090909,April,1,13,7.69%,7.62,12,10,1.2,25.5,25,0,0,0.090909,May
19,https://www.tactivesoft.com/white-paper-downloads-page/,Brochure Downloads - Tactive ERP,Learn how Construction Management Software enhances approval workflows with Tactive. Optimize processes and ensure seamless project progress with our solutions.,Resources,1,11,9.09%,4,9,7,1.285714,8.428571429,21,0,0,0.111111,April,2,16,12.50%,4.81,9,7,1.285714,8.428571429,21,0,0,0.111111,May
20,https://www.tactivesoft.com/faq/,FAQ's for General - Tactive ERP,Find answers to common questions about Tactive's products and services in our comprehensive FAQ section.,Resources,1,83,1.20%,7.31,12,9,1.333333,24.77777778,21,0,0,0.111111,April,1,83,1.20%,7.69,12,9,1.333333,24.77777778,21,0,0,0.111111,May
21,https://www.tactivesoft.com/case-studies/,Case Studies - Tactive ERP,Access real-time insights through your personalized dashboard on Tactive's Construction ERP Software. Have control of crucial project data.,Resources,0,51,0.00%,10.08,6,5,1.2,11.4,10,0,0,0,April,0,30,0.00%,10.1,6,5,1.2,11.4,10,0,0,0,May
22,https://www.tactivesoft.com/company-overview/,Construction ERP Software | Tactive Software Systems Private Limited,"Tactive Construction ERP Software helps builders across Asia, the Middle East, Africa, and Oceania enhance project control and achieve digital transformation.",Company,13,2048,0.63%,3.19,69,64,1.078125,52.203125,177,0,0,0.084507,April,14,1478,0.95%,3.49,69,64,1.078125,52.203125,177,0,0,0.084507,May
23,https://www.tactivesoft.com/construction-software-companies-channel-partners/,Construction Software Companies Channel Partners | Tactive ERP,"Tactive provides complete Construction ERP partner support with pre-sales assistance, technical guidance, marketing resources, and continuous training for partner success.",Company,0,51,0.00%,13.73,17,14,1.214286,13.07142857,33,0,0,0.071429,April,0,48,0.00%,9.21,17,14,1.214286,13.07142857,33,0,0,0.071429,May
24,https://www.tactivesoft.com/careers/,Careers - Join Our Team at Tactive Construction ERP Software,"Explore career opportunities at Tactive - a global construction ERP software company. Join us to grow, innovate, and contribute to digital transformation.",Company,124,3264,3.80%,18.3,2062,1562,1.320102,20.14020487,6660,0,0,0.455172,April,90,1782,5.05%,2.89,2062,1562,1.320102,20.14020487,6660,0,0,0.455172,May
25,https://www.tactivesoft.com/tactive-team/,Tactive Construction ERP Software Team | ERP Software Experts,"Meet the Tactive ERP team — experts, leaders, and engineers behind our construction ERP software, committed to building smarter construction solutions.",Company,7,1270,0.55%,4.3,39,34,1.147059,79.23529412,101,0,0,0.128205,April,6,1067,0.56%,4.26,39,34,1.147059,79.23529412,101,0,0,0.128205,May
26,https://www.tactivesoft.com/clients/,Clients and Testimonials | Tactive Software Systems Private Limited,"Trusted by construction leaders worldwide, Tactive ERP has helped clients build smarter. Read their stories and see the impact in real project success.",Company,6,862,0.70%,3.42,49,41,1.195122,76.34146341,116,0,0,0.127273,April,2,618,0.32%,3.51,49,41,1.195122,76.34146341,116,0,0,0.127273,May
27,https://www.tactivesoft.com/contact-us/,"Contact Us, Business Enquiry - Construction ERP Software | Tactive",Have questions about Tactive Construction ERP software? Reach out to us to speak with our executive or book a free demo.,Contact,13,2044,0.64%,3.58,145,106,1.367925,27.59433962,320,0,0,0.088,April,8,1651,0.48%,3.99,145,106,1.367925,27.59433962,320,0,0,0.088,May
28,https://www.tactivesoft.com/disclaimer/,Disclaimer - Tactive ERP,"Read the Disclaimer for Tactive ERP. Understand the terms & conditions, ensuring a transparent and smooth experience with our construction management solutions.",others,0,26,0.00%,9.62,0,0,0,0,0,0,0,0,April,0,26,0.00%,14.08,0,0,0,0,0,0,0,0,May
29,https://www.tactivesoft.com/terms-of-service/,Terms of Use - Tactive ERP,Navigate Tactive's website seamlessly with our sitemap. Find what you need effortlessly and make the most of our user-friendly interface.,others,0,69,0.00%,14.57,0,0,0,0,0,0,0,0,April,0,25,0.00%,13.68,0,0,0,0,0,0,0,0,May
30,https://www.tactivesoft.com/privacy-policy/,Privacy Policy - Tactive ERP,Learn how Tactive Construction ERP Software protects your privacy with our comprehensive privacy policy for.,others,0,28,0.00%,18.39,0,0,0,0,0,0,0,0,April,1,41,2.44%,16.29,0,0,0,0,0,0,0,0,May
31,https://www.tactivesoft.com/site-map/,Site Map - Tactive ERP,Explore Tactive's case studies for real-world successes in Construction ERP Software. Learn how businesses have achieved excellence with our solutions.,others,0,3,0.00%,27,0,0,0,0,0,0,0,0,April,0,7,0.00%,15,0,0,0,0,0,0,0,0,May
32,https://www.tactivesoft.com/construction-erp-demo/,Book a Free Demo | Tactive ERP – Construction Management Software,Explore what’s possible with Tactive ERP. Take a free personalized demo and discover smart construction management features designed to support your projects.,others,0,225,0.00%,9.76,185,133,1.390977,19.21804511,410,0,0,0.105263,April,1,163,0.61%,12.36,185,133,1.390977,19.21804511,410,0,0,0.105263,May
33,https://www.tactivesoft.com/blog/construction-erp-cash-flow-management/,How ERP Helps Construction Companies Control Cash Flow | Tactive ERP,"Improve construction cash flow management with ERP software. Forecast costs, control expenses, track budgets, and boost profitability.",0,0,0.00%,0,0,0,0,0,0,0,0,0,0,April,0,0.00%,0,0,0,0,0,0,0,0,0,,May
34,https://www.tactivesoft.com/blog/vat-tax-compliance-construction-erp/,VAT Tax Compliance Software for Construction | Tactive ERP,"Struggling with VAT tax compliance? Tactive Construction ERP streamlines VAT calculations, reporting &amp; global VAT compliance for better financial control.",0,0,0.00%,0,0,0,0,0,0,0,0,0,0,April,0,0.00%,0,0,0,0,0,0,0,0,0,,May
35,https://www.tactivesoft.com/blog/poor-procurement-visibility-construction-cost-delays/,How Poor Procurement Visibility Increases Construction Costs & Delays,"Discover how poor procurement visibility causes delays, waste, and cost overruns in construction projects, and how Tactive ERP Software improves control.",0,0,0.00%,0,0,0,0,0,0,0,0,0,0,April,0,0.00%,0,0,0,0,0,0,0,0,0,,May
36,https://www.tactivesoft.com/blog/ai-future-construction-industry/,AI in Construction Industry | Artificial Intelligence for Construction,"AI in construction industry improves project efficiency, while artificial intelligence in construction helps companies manage projects smarter and faster.",0,0,0.00%,0,0,0,0,0,0,0,0,0,2,April,204,0.98%,11.83,28,9,3.111111,63.33333333,61,0,0,0.2,,May
37,https://www.tactivesoft.com/blog/cost-control-software-for-construction-guide/,Cost Control Software for Construction | Complete Guide to Cost Monitoring,"Discover how cost control software for construction helps manage budgets, reduce overruns, improve construction cost monitoring for profitable project delivery.",0,0,0.00%,0,0,0,0,0,0,0,0,0,0,April,952,0.00%,35.2,20,6,3.333333,57,46,0,0,0.181818,,May
38,https://www.tactivesoft.com/blog/labour-management-systems-construction-industry/,Labour Management Software Systems | Construction Industry ERP Tactive,"Learn how construction labour management software systems help track workforce, optimize resources, and boost project efficiency.",2,348,0.60%,22.27,32,23,1.391304,59.7826087,81,0,0,0.28125,3,April,1276,0.24%,30.1,17,13,1.307692,25.38461538,43,0,0,0.066667,,May
39,https://www.tactivesoft.com/blog/strategic-roles-of-logistics-in-modern-construction-erp-systems/,Strategic Roles of Logistics in Modern Construction ERP Systems,Logistics in construction and modern construction ERP systems improve construction logistics management and material management using strategic ERP solutions.,1,51,2.00%,8.2,28,20,1.4,22.7,73,0,0,0.258065,0,April,116,0.00%,10.1,7,6,1.166667,4.166666667,11,0,0,0,,May
40,https://www.tactivesoft.com/blog/construction-erp-software-implementation-guide/,Construction ERP software Implementation Guide | Tactive ERP,"Learn how to successfully implement construction ERP software with this step-by-step guide to streamline projects, control costs, and boost efficiency.",4,344,1.20%,14.5,10,10,1,61.7,24,0,0,0,3,April,419,0.72%,13.23,8,5,1.6,3.8,22,0,0,0.571429,,May
41,https://www.tactivesoft.com/blog/how-technology-will-scale-your-construction-business-in-2026/,How Technology will scale your construction business in 2026 | Tactive,Understand how construction business software and advanced construction technology will redefine project management and growth in 2026.,1,372,0.30%,9.12,2,2,1,11.5,10,0,0,0,0,April,116,0.00%,9.86,0,0,0,0,0,0,0,0,,May
42,https://www.tactivesoft.com/blog/5-ways-construction-estimation-software-helps-you-win-more-tenders/,Top 10 Construction ERP Softwares in the Global Market | Best ERP,"Win more tenders with construction estimation software—5 ways to enhance site investigation, rate analysis, templates, multiple proposals &amp; lost-bid insights.",1,117,0.90%,16.28,2,2,1,4,9,0,0,1,1,April,96,1.04%,14.74,3,2,1.5,5.5,5,0,0,0.333333,,May
43,https://www.tactivesoft.com/blog/top-10-construction-erp-softwares-in-the-global-market/,Top 10 Construction ERP Softwares in the Global Market,"Looking for the best Construction ERP software? Explore the top 10 Construction ERP software globally, compare features, and find what fits your business needs.",5,3386,0.20%,14.77,8,6,1.333333,11.83333333,28,0,0,0.571429,7,April,3025,0.23%,23.18,7,6,1.166667,7.333333333,25,0,0,0.571429,,May
44,https://www.tactivesoft.com/blog/construction-erp-software-in-gcc/,Transforming Construction ERP Software in GCC Region | Tactive,"Tactive Construction ERP software in GCC empowers builders to manage projects efficiently, reduce costs, and achieve better project outcomes.",0,178,0.00%,8.86,0,0,0,0,0,0,0,0,1,April,131,0.76%,10.22,2,1,2,90,8,0,0,0,,May
45,https://www.tactivesoft.com/blog/how-construction-erp-software-resolves-site-management-challenges/,How Construction ERP Software Resolves Key Site Management Challenges,How construction ERP software resolves site management challenges using powerful construction site management and project tracking tools.,0,95,0.00%,9.54,0,0,0,0,0,0,0,0,0,April,126,0.00%,10.14,0,0,0,0,0,0,0,0,,May
46,https://www.tactivesoft.com/blog/tactive-construction-erp-software-in-africa/,Tactive Construction ERP Software in Africa | Expanding Global Reach,"Tactive Construction ERP Software in Africa is now live—built to support contractors with smarter planning, better control, and real-time project insights.",0,59,0.00%,5.25,0,0,0,0,0,0,0,0,2,April,84,2.38%,6.24,1,1,1,18,2,0,0,0,,May
47,https://www.tactivesoft.com/blog/importance-of-budget-planning-and-control-in-construction-projects/,Importance of Budget Planning and Control in Construction Projects,Explore the importance of budget planning and control in construction projects with Tactive ERP software to ensure cost efficiency and improve project outcomes.,4,753,0.50%,10.25,4,4,1,7.5,16,0,0,0.75,7,April,1100,0.64%,15.13,9,7,1.285714,10,36,0,0,0.555556,,May
48,https://www.tactivesoft.com/blog/top-challenges-in-construction-tendering-process-solved-by-tactive-erp/,Top Challenges in Construction Tendering Process | Tactive ERP,"From site investigation to lost bid analysis, Explore how Tactive ERP resolves the top challenges in the construction tendering process.",0,104,0.00%,6.1,0,0,0,0,0,0,0,0,1,April,79,1.27%,15.47,3,2,1.5,22.5,7,0,0,0,,May
49,https://www.tactivesoft.com/blog/how-construction-procurement-software-reduces-project-costs/,How Construction Procurement Software Reduces Project Costs,"Explore how Tactive construction ERP software-driven procurement cuts costs, boosts profits, and ensures smooth project execution in construction.",0,315,0.00%,11.31,0,0,0,0,0,0,0,0,0,April,490,0.00%,16.09,1,1,1,6,4,0,0,0,,May
50,https://www.tactivesoft.com/blog/how-erp-minimizes-risks-in-construction-project-management/,How Construction ERP Minimizes Risks in Project Management | Tactive,"Tactive’s Construction ERP reduces risks, delays, and cost overruns with smart Construction Project Management Software for better planning and control.",0,276,0.00%,13.66,1,0,0,0,2,0,0,1,0,April,344,0.00%,14.54,0,0,0,0,0,0,0,0,,May
51,https://www.tactivesoft.com/blog/why-generic-erp-does-not-fit-the-construction-industry/,Why Generic ERP Does not Fit the Construction Industry?,Generic ERP cannot be used for complex operations of Construction Industry- find out why!,0,41,0.00%,5.71,0,0,0,0,0,0,0,0,0,April,74,0.00%,12.23,0,0,0,0,0,0,0,0,,May
52,https://www.tactivesoft.com/blog/top-challenges-in-the-construction-industry-without-erp-software/,Top Challenges in the Construction Industry Without ERP Software,"Explore how project management ERP software helps overcome construction challenges, boost efficiency, and improve budget monitoring.",0,102,0.00%,9.29,0,0,0,0,0,0,0,0,0,April,126,0.00%,17.06,0,0,0,0,0,0,0,0,,May
53,https://www.tactivesoft.com/blog/why-do-construction-companies-prefer-tactive-erp/,Why Do Construction Companies Prefer Tactive ERP | Software Systems,"Why construction companies choose Tactive ERP software – the leading construction management solution for efficient project tracking, budgeting, and contractor control.",0,63,0.00%,10.79,1,1,1,72,6,0,0,0.5,0,April,139,0.00%,7.29,0,0,0,0,0,0,0,0,,May
54,https://www.tactivesoft.com/blog/how-construction-erp-can-optimise-and-streamline-your-business/,Optimise and Streamline Your Construction Business by ERP,"Transform your construction business with ERP, streamlining key processes and increasing profitability through efficient strategic management.",0,77,0.00%,35.21,0,0,0,0,0,0,0,0,0,April,271,0.00%,28.94,0,0,0,0,0,0,0,0,,May
55,https://www.tactivesoft.com/blog/how-cloud-erp-can-simplify-your-construction-project-management/,Simplify Your Construction Project Management by Cloud ERP,"Struggling with project timelines, cost control, and resource efficiency? Cloud-based ERP systems offer real-time data and seamless integration of essential processes, boosting productivity and collaboration. Discover how Tactive’s cutting-edge cloud ERP can streamline your operations and enhance project outcomes.",1,449,0.20%,14.62,0,0,0,0,0,0,0,0,0,April,546,0.00%,14.09,0,0,0,0,0,0,0,0,,May
56,https://www.tactivesoft.com/blog/the-one-stop-solution-for-increasing-the-roi-of-your-construction-business/,Solution for increasing the ROI of your Construction Business,The One-Stop Solution for increasing the ROI of your Construction Business,0,132,0.00%,10.86,1,1,1,22,2,0,0,0,0,April,110,0.00%,7.91,0,0,0,0,0,0,0,0,,May
57,https://www.tactivesoft.com/blog/bank-transfer-issues/,Bank Transfer Issues - Tactive ERP,Resolve bank transfer issues seamlessly with Tactive's expertise in Construction ERP Software. Streamline financial transactions for project success.,0,17,0.00%,12.94,5,5,1,54,10,0,0,0,0,April,15,0.00%,17.13,0,0,0,0,0,0,0,0,,May
58,https://www.tactivesoft.com/blog/application-for-alert-system-and-utilization-of-idle-stock-in-urcc/,Application of an Automated Inventory Tracking | Alert System for URCC,How to improve operational efficiency and performance with the implementation of construction inventory management software - a real-time solution for URCC.,0,59,0.00%,7.56,2,2,1,51,4,0,0,0,1,April,43,2.33%,7.35,3,3,1,74,7,0,0,0,,May
59,https://www.tactivesoft.com/blog/project-progress-monitoring-in-knk/,Project Progress Monitoring in KNK ,"Brief Summary of the Client KNK is a certified Construction and Engineering Company who takes venturing into large and complex projects, embracing the latest technologies and being genuinely engaged in creating the best outcomes for clients and for all stakeholders. With a most effective development approach throughout every project, KNK has demonstrated its ability in [&hellip;]",0,9,0.00%,10.11,1,1,1,8,2,0,0,0,0,April,24,0.00%,14,0,0,0,0,0,0,0,0,,May
60,https://www.tactivesoft.com/blog/effective-inventory-management-in-construction-projects/,Effective Inventory Management for Construction Projects | Tactive ERP,"nventory management for construction is key to reducing material waste, improving site efficiency, and staying on track with the right software and systems.",11,3557,0.30%,25.29,15,9,1.666667,27.55555556,59,0,0,0.684211,5,April,4308,0.12%,24.91,8,7,1.142857,47.57142857,32,0,0,0.444444,,May
61,https://www.tactivesoft.com/blog/the-indian-lean-construction-conference-2021/,The Indian Lean Construction Conference-2021,Learn about Tactive&#039;s involvement in The Indian Lean Construction Conference-2021. Discover our contributions to advancing lean practices.,0,1,0.00%,5,0,0,0,0,0,0,0,0,0,April,2,0.00%,26,0,0,0,0,0,0,0,0,,May
62,https://www.tactivesoft.com/blog/how-technology-improves-effectiveness-in-cost-control-and-benefits-construction-industry/,How Technology Improves Cost Control in Construction? - Tactive ERP,Explore how technology enhances cost control and benefits the construction industry with Tactive&#039;s insights.,0,5,0.00%,6.4,1,1,1,7,2,0,0,0,0,April,2,0.00%,50,0,0,0,0,0,0,0,0,,May
63,https://www.tactivesoft.com/blog/digitizing-indian-construction-industry/,Digicon 2021 – Digitizing Indian Construction Industry - Tactive ERP,Join Tactive&#039;s webinar for a detailed costing analysis of construction projects. Gain practical knowledge and make informed decisions for project success.,0,4,0.00%,8,0,0,0,0,0,0,0,0,0,April,5,0.00%,9,0,0,0,0,0,0,0,0,,May
64,https://www.tactivesoft.com/blog/erp-software-for-construction-industry/,Impact of ERP software on construction industry,Access valuable white papers for industry insights and solutions from Tactive. Stay informed with our comprehensive resources on construction and technology.,0,70,0.00%,16.36,0,0,0,0,0,0,0,0,0,April,71,0.00%,15.07,0,0,0,0,0,0,0,0,,May
65,https://www.tactivesoft.com/blog/effective-project-management-techniques-tool-for-construction-industry/,Effective Project Management Techniques for Construction Industry.,Discover effective project management techniques and tools for the construction industry with Tactive.,0,3,0.00%,25.33,0,0,0,0,0,0,0,0,0,April,7,0.00%,32.43,0,0,0,0,0,0,0,0,,May
66,https://www.tactivesoft.com/blog/indian-construction-industry-awards/,Industry Insights - Tactive ERP,Gain valuable industry insights with Tactive's expertise in Construction ERP Software. Stay ahead and make informed decisions for your construction projects.,0,2,0.00%,9,1,1,1,2,2,0,0,0,0,April,1,0.00%,9,0,0,0,0,0,0,0,0,,May
67,https://www.tactivesoft.com/blog/how-tactive-is-different-from-other-construction-erp-software/,How is Tactive different from other Construction ERP Software?,Discover what makes Tactive stand out among Construction ERP Software solutions. Uncover unique features and benefits for your business success.,1,83,1.20%,9.27,1,1,1,9,2,0,0,0,0,April,95,0.00%,11.03,0,0,0,0,0,0,0,0,,May
68,https://www.tactivesoft.com/blog/construction-based-erp-solution-during-covid19/,Why construction-based ERP solution during COVID19 - Tactive ERP,"COVID19 has changed the fate of many industries making a huge dent in their economy with lockdowns and restrictions. People have found it difficult to access the locations and sometimes, only 50% of the employees were allowed to work which created a huge impact on the budget, where the actual budget doesn’t correlate with planned [&hellip;]",0,1,0.00%,10,0,0,0,0,0,0,0,0,0,April,0,0.00%,0,0,0,0,0,0,0,0,0,,May
69,https://www.tactivesoft.com/blog/tactive-costing-analysis-for-construction-projects-webinar/,Explore Comprehensive Construction Management: Tactive Brochure,Join Tactive&#039;s Webinar for a comprehensive Costing Analysis of Construction Projects. Unlock insights and optimize your project budgets with Tactive ERP.,0,6,0.00%,14.67,0,0,0,0,0,0,0,0,0,April,3,0.00%,15.33,0,0,0,0,0,0,0,0,,May
70,https://www.tactivesoft.com/blog/tactive-webinar-costing-analysis-for-construction-projects/,Tactive Webinar India – Costing Analysis for Construction Projects.,Join Tactive&#039;s webinar for a comprehensive costing analysis of construction projects. Stay informed and optimize your project budgets with expert insights.,0,2,0.00%,11,0,0,0,0,0,0,0,0,0,April,0,0.00%,0,0,0,0,0,0,0,0,0,,May
71,https://www.tactivesoft.com/blog/tactive-webinar-optimise-construction-project-execution-using-budget-cost-control-mechanism/,Webinar - Project Execution using Budget &amp; Cost Control Mechanism.,Join Tactive&#039;s webinar to learn how to optimize construction project execution with budget and cost control mechanisms.,0,2,0.00%,6,0,0,0,0,0,0,0,0,0,April,2,0.00%,6,0,0,0,0,0,0,0,0,,May
72,https://www.tactivesoft.com/blog/control-over-all-construction-projects-and-workforce-management/,Tactive Webinar – Construction Project Costing Analysis - Tactive ERP,Gain total control over projects with Tactive&#039;s Construction ERP Software. Ensure visibility and efficiency in every aspect of your construction endeavors.,0,8,0.00%,27.38,1,1,1,7,2,0,0,0,0,April,5,0.00%,30.6,0,0,0,0,0,0,0,0,,May
73,https://www.tactivesoft.com/blog/construction-management-software-for-modern-contractor-builders/,Construction Management Software for the Modern Contractor & Builders.Construction Management Software for the Modern Contractor & Builders.,Empower contractors and builders with Tactive's Construction Management Software. Harness the power of modern technology for seamless project execution.,1,2,50.00%,8,4,3,1.333333,28.66666667,10,0,0,0,0,April,1,0.00%,10,2,2,1,9,3,0,0,0,,May
74,https://www.tactivesoft.com/blog/optimise-construction-approval-workflows-using-construction-management-software/,Effective Construction Workflows via Construction ERP Software,Download case studies to explore Tactive&#039;s success stories and impactful solutions. See how businesses achieved excellence with our Construction ERP Software.,0,264,0.00%,32.55,0,0,0,0,0,0,0,0,1,April,217,0.46%,28.37,1,1,1,23,3,0,0,0,,May
75,https://www.tactivesoft.com/blog/mega-infrastructure-summit/,Mega Infrastructure Summit 2021 - Tactive ERP,Learn about Tactive&#039;s role in the Mega Infrastructure Summit 2021. Discover how we contribute to advancing infrastructure projects on a global scale.,0,3,0.00%,8,0,0,0,0,0,0,0,0,0,April,8,0.00%,5.12,0,0,0,0,0,0,0,0,,May
76,https://www.tactivesoft.com/blog/role-of-business-intelligence-in-construction-erp-software/,Why Choose a Construction ERP with inbuilt Business Intelligence?,Find out why Tactive's Construction ERP Software with built-in business intelligence is the right choice.,0,12,0.00%,14.92,0,0,0,0,0,0,0,0,0,April,8,0.00%,42.25,0,0,0,0,0,0,0,0,,May
77,https://www.tactivesoft.com/blog/daily-reporting-construction-management-software/,What’s a DPR? Daily Progress Reports in Construction Projects,"Track everything that you need to be updated about with daily progress reports. Project status, data, schedules, materials, stock availability, and more.",11,8594,0.10%,5.48,13,13,1,25.84615385,46,0,0,0.357143,17,April,6325,0.27%,8.18,17,16,1.0625,10.875,59,0,0,0.6875,,May
78,https://www.tactivesoft.com/blog/future-projects-forum-e-the-default-version/,Future Projects Forum &quot; The Default Version&quot,Gain insights about the Future Projects Forum by Tactive. Stay ahead of industry trends and innovations with our expert perspectives.,0,0,0.00%,0,0,0,0,0,0,0,0,0,0,April,0,0.00%,0,0,0,0,0,0,0,0,0,,May
79,https://www.tactivesoft.com/blog/casestudies-automating-the-labor-billing-system-for-urc/,Automating the Labor Billing System for URC - Tactive ERP,Learn how Tactive streamlines labor billing for URC through Construction ERP Software. Automate processes and maximize efficiency in your construction projects.,0,140,0.00%,6.68,3,3,1,28.66666667,6,0,0,0,2,April,143,1.40%,9.66,2,2,1,1,4,0,0,0,,May
80,https://www.tactivesoft.com/blog/digitization-construction-erp-software/,How Construction ERP Software Enhances Construction Productivity?,"Construction is a vast process with hundreds of operations being carried out simultaneously across multiple sites using a humongous workforce. ERP software for the construction industry simplifies and restructures operational workflow and parallel processes to achieve maximum productivity at low cost and effort. Construction ERP Software is a digital platform that digitizes, automates, simplifies and [&hellip;]",0,18,0.00%,14.28,1,1,1,35,2,0,0,0,0,April,7,0.00%,16.43,0,0,0,0,0,0,0,0,,May
81,https://www.tactivesoft.com/blog/construction-erp-software-helps-contractors-execute-projects/,How Tactive ERP Helps Contractors Execute Projects with Higher Profit?,"What is construction ERP/Management software? It is a digital tool to streamline, simplify, standardize, integrate, automate, the construction workflow process, operations, workforce, and the resources to seamlessly manage the entire life-cycle of the construction projects from start to finish. Why do contractors use ERP software for construction? It’s one way to digitize and automate the [&hellip;]",1,11,9.10%,17.64,1,1,1,81,3,0,0,0,0,April,14,0.00%,11.07,0,0,0,0,0,0,0,0,,May
82,https://www.tactivesoft.com/blog/increasing-your-roi-your-construction-business/,One-Stop Solution to increase ROI of Construction Business - Tactive,Tactive is your one-stop solution for increasing the ROI of your construction business with Construction ERP Software.,0,58,0.00%,21.24,0,0,0,0,0,0,0,0,0,April,56,0.00%,16.2,0,0,0,0,0,0,0,0,,May
83,https://www.tactivesoft.com/blog/save-your-construction-project-cost-through-construction-erp-software/,How to save 6% of project cost? - Tactive Construction ERP Software,Find out how you can save 6% of your construction project cost with Tactive&#039;s Construction ERP Software.,0,19,0.00%,11.16,0,0,0,0,0,0,0,0,0,April,18,0.00%,16.56,0,0,0,0,0,0,0,0,,May
84,https://www.tactivesoft.com/blog/seamlessly-align-construction-operations-with-lean-using-construction-erp-software/,How to Align Construction Operations With LEAN Using ERP Software,Discover how Construction ERP Software helps align construction operations with LEAN principles with Tactive&#039;s expertise.,0,13,0.00%,16.46,0,0,0,0,0,0,0,0,0,April,19,0.00%,39.74,0,0,0,0,0,0,0,0,,May
85,https://www.tactivesoft.com/blog/how-are-construction-plant-machinery-heads-managers-benefited-by-construction-erp-software/,How Plant &amp; Machinery Managers benefit from Construction ERP Software?,Discover how Construction ERP Software benefits construction plant and machinery heads/managers with Tactive&#039;s insights.,1,55,1.80%,16.29,1,1,1,1007,4,0,0,0,0,April,51,0.00%,14.33,0,0,0,0,0,0,0,0,,May
86,https://www.tactivesoft.com/blog/construction-erp-software-for-construction-procurement-managers/,Construction ERP Software for Construction Procurement Managers.,Dive into Tactive&#039;s blog archives for a wealth of industry insights and trends. Stay ahead of the curve with expert advice and analyses in construction.,0,105,0.00%,24.11,0,0,0,0,0,0,0,0,0,April,82,0.00%,21.1,0,0,0,0,0,0,0,0,,May
87,https://www.tactivesoft.com/blog/why-should-regional-planning-head-construction-project-managers-use-construction-erp-software/,Why should Construction Project Managers Use ERP Software?,Discover why regional planning heads and construction project managers should leverage Construction ERP Software with Tactive&#039;s insights.,0,29,0.00%,41.9,0,0,0,0,0,0,0,0,0,April,39,0.00%,59.1,0,0,0,0,0,0,0,0,,May
88,https://www.tactivesoft.com/blog/why-should-tender-heads-managers-use-construction-erp-management-software/,Why should Tender Managers use Construction ERP Software? - Tactive,Discover the benefits of Construction ERP/Management Software for tender heads and managers with Tactive&#039;s insights.,0,34,0.00%,14.24,0,0,0,0,0,0,0,0,1,April,72,1.39%,43.93,1,1,1,139,4,0,0,0,,May
89,https://www.tactivesoft.com/blog/key-advantages-of-construction-erp-software-in-managing-the-construction-labour-machinery-and-plant/,"Benefits of construction ERP in managing Labour, Machinery and Plant?","Explore the key advantages of Construction ERP Software in managing labor, machinery, and plant resources with Tactive&#039;s insights.",0,60,0.00%,7.67,0,0,0,0,0,0,0,0,1,April,92,1.09%,23.52,1,1,1,29,4,0,0,0,,May
90,https://www.tactivesoft.com/blog/benefits-of-construction-erp-software-by-role/,Benefits of Construction ERP Software by Role - Tactive ERP,Uncover role-specific benefits of Construction ERP Software with Tactive&#039;s insights. Explore how different stakeholders can leverage our solutions for success.,0,49,0.00%,16.69,0,0,0,0,0,0,0,0,0,April,47,0.00%,14.23,0,0,0,0,0,0,0,0,,May
91,https://www.tactivesoft.com/blog/bim-iot-and-construction-erp-software-future-of-construction-technology/,"BIM, IoT, &amp; ERP Software - Future of Construction Technology - Tactive","Explore the future of construction technology with BIM, IoT, and Construction ERP Software in Tactive&#039;s insights.",1,49,2.00%,10.9,0,0,0,0,0,0,0,0,1,April,45,2.22%,8.58,1,1,1,10,4,0,0,0,,May
92,https://www.tactivesoft.com/blog/construction-erp-software-for-technology-integration-and-coordination/,Construction ERP Software for Technology Integration and Coordination,Learn how Construction ERP Software facilitates technology integration and coordination with Tactive&#039;s solutions.,0,15,0.00%,22,0,0,0,0,0,0,0,0,0,April,9,0.00%,23.11,0,0,0,0,0,0,0,0,,May
93,https://www.tactivesoft.com/blog/tactive-a-multi-dimensional-construction-erp-tool-for-the-modern-builder/,A multi-dimensional construction ERP for the modern builder - Tactive,Explore Tactive Construction ERP tool crafted for modern builders. Experience a comprehensive solution for all aspects of construction management.,0,3,0.00%,7,1,1,1,39,2,0,0,0,0,April,5,0.00%,4.6,0,0,0,0,0,0,0,0,,May
94,https://www.tactivesoft.com/blog/increasing-the-productivity-of-quantity-surveyors/,Increasing The Productivity Of Quantity Surveyors by 4X - Tactive ERP,Learn how Tactive can increase the productivity of quantity surveyors by fourfold. Discover the efficiency gains and transformative potential of our solutions.,1,31,3.20%,7.32,1,1,1,25,4,0,0,0,0,April,43,0.00%,7.98,0,0,0,0,0,0,0,0,,May
95,https://www.tactivesoft.com/blog/construction-management-software-for-builders-and-contractors/,Construction Management Software for Builders &amp; Contractors - Tactive,Dive into Tactive&#039;s Construction Management Software designed for builders &amp; contractors. Experience a solution that caters to the unique needs of the industry.,0,68,0.00%,15.07,1,1,1,360,4,0,0,0,0,April,83,0.00%,16.58,0,0,0,0,0,0,0,0,,May
96,https://www.tactivesoft.com/blog/managing-finance-accounts-using-construction-erp-software-to-save-time-and-increase-efficiency/,Benefits of Managing Finance &amp; Accounts using Construction ERP?,Find out how to save time and increase efficiency by managing finance and accounts with Construction ERP Software from Tactive.,0,41,0.00%,14.68,0,0,0,0,0,0,0,0,0,April,41,0.00%,23.59,0,0,0,0,0,0,0,0,,May
97,https://www.tactivesoft.com/blog/why-should-you-use-construction-erp-software-to-plan-your-budget-schedules/,Effectiveness of Construction ERP Tool in planning budget schedules?,Learn why Construction ERP Software is essential for effective budget scheduling with Tactive&#039;s insights.,0,60,0.00%,30.22,0,0,0,0,0,0,0,0,0,April,89,0.00%,13.55,0,0,0,0,0,0,0,0,,May
98,https://www.tactivesoft.com/blog/job-cost-report-what-it-is-and-how-is-it-unique-in-tactive-construction-erp-software/,What is unique with Tactive’s job cost report?,Discover the pivotal role of ERP Software in the construction industry with Tactive. Uncover how our solutions elevate efficiency and project management.,0,388,0.00%,14.19,1,1,1,45,3,0,0,0,0,April,340,0.00%,18.2,0,0,0,0,0,0,0,0,,May
99,https://www.tactivesoft.com/blog/construction-erp-software-tendering-and-estimation-software-for-contractors-in-uae/,Tendering and Estimation Software for Contractors in UAE - Tactive ,Discover Tactive&#039;s tendering &amp; estimation software for contractors in the UAE. Optimize your bidding processes with our specialized construction solutions.,0,130,0.00%,9.64,0,0,0,0,0,0,0,0,0,April,142,0.00%,15.98,0,0,0,0,0,0,0,0,,May
100,https://www.tactivesoft.com/blog/construction-erp-inventory-management-software/,Construction ERP - Inventory Management Software - Tactive ERP,Find solutions to bank transfer issues with Tactive&#039;s expertise in Construction ERP Software. Overcome challenges and ensure seamless financial transactions.,1,115,0.90%,14.29,1,1,1,30,4,0,0,0,3,April,99,3.03%,14.58,2,2,1,0.5,5,0,0,0.5,,May
101,https://www.tactivesoft.com/blog/construction-hr-payroll-management-software-for-india-uae/,Construction HR &amp; Payroll Management Software for India/UAE,Discover HR and payroll management solutions tailored for India and the UAE with Tactive&#039;s Construction ERP Software.,1,111,0.90%,19.06,3,3,1,41.33333333,14,0,0,0,2,April,137,1.46%,23.12,2,1,2,71,6,0,0,0.666667,,May
102,https://www.tactivesoft.com/blog/e-invoice-what-it-is-and-how-you-can-manage-it-with-tactive-construction-erp-system/,What is E-Invoice &amp; how you can manage with Tactive Construction ERP.,Learn about e-invoicing and how to manage it with Tactive&#039;s Construction ERP System. Streamline your invoicing processes for greater efficiency and compliance.,1,58,1.70%,8.19,1,1,1,155,4,0,0,0,0,April,53,0.00%,10.64,0,0,0,0,0,0,0,0,,May
103,https://www.tactivesoft.com/blog/the-silent-significance-of-construction-erp-software-in-uae-india/,The Significance of Tactive Construction ERP Software in UAE/India.,Explore the silent significance of Construction ERP Software in the UAE and India with Tactive&#039;s insights.,1,51,2.00%,8.06,1,0,0,0,4,0,0,1,0,April,31,0.00%,6.52,0,0,0,0,0,0,0,0,,May
104,https://www.tactivesoft.com/blog/construction-erp-construction-project-management-module/,Construction ERP Software Modules | Tactive ERP Solutions,Looking for reliable construction ERP software? Tactive ERP offers smart modules and complete ERP solutions to help you stay on time and on budget.,2,413,0.50%,9.56,3,2,1.5,11.5,8,0,0,0,7,April,427,1.64%,11.26,6,6,1,16,19,0,0,0,,May
105,https://www.tactivesoft.com/blog/impact-of-covid-19-on-the-construction-sector/,Impact of COVID-19 on the Construction Sector - Tactive ERP,Understand the impact of COVID-19 on the construction sector with insights from Tactive. Stay informed about the challenges and adaptations.,0,5,0.00%,82,0,0,0,0,0,0,0,0,0,April,24,0.00%,78.75,0,0,0,0,0,0,0,0,,May
106,https://www.tactivesoft.com/blog/big-5-digital-festival-2020-redefining-construction/,Big5 Digital Festival 2020 - Redefining Construction - Tactive ERP,Experience how Tactive is redefining construction at the Big5 Digital Festival 2020. Explore our contributions to shaping the future of the industry.,0,0,0.00%,0,0,0,0,0,0,0,0,0,0,April,0,0.00%,0,0,0,0,0,0,0,0,0,,May
107,https://www.tactivesoft.com/blog/construction-equipment-management-solution/,Construction Equipment Management Solution - Tactive ERP,Find out how Tactive&#039;s construction equipment management solution optimizes your construction operations.,1,70,1.40%,31.27,2,1,2,1,6,0,0,1,0,April,126,0.00%,36.84,0,0,0,0,0,0,0,0,,May
108,https://www.tactivesoft.com/blog/challenges-in-implementing-construction-erp-system/,Challenges in Implementing Construction ERP System - Tactive ERP,Understand the challenges associated with implementing a Construction ERP System with Tactive&#039;s insights.,1,94,1.10%,10.29,1,1,1,35,2,0,0,0,1,April,48,2.08%,12.98,1,1,1,0,3,0,0,1,,May
109,https://www.tactivesoft.com/blog/digital-transformation-for-indias-construction-sector/,Digital transformation for India&#039;s Construction Sector - Tactive ERP,Tactive ERP leads the digital transformation for India&#039;s Construction Sector. Explore innovative solutions shaping the future of construction management.,0,88,0.00%,6.47,0,0,0,0,0,0,0,0,0,April,50,0.00%,7.06,0,0,0,0,0,0,0,0,,May
110,https://www.tactivesoft.com/blog/boosting-revenue-by-digitizing-construction-activities-in-dubai-uae-for-sustainable-development/,"How to boost construction revenue through digitisation in Dubai,UAE",Tactive is thrilled to exhibit at The Excon 2019 in Bengaluru. Join us to explore cutting-edge solutions and advancements in the construction industry.,0,9,0.00%,8.56,0,0,0,0,0,0,0,0,0,April,11,0.00%,9.18,0,0,0,0,0,0,0,0,,May
111,https://www.tactivesoft.com/blog/impact-of-construction-erp-software-on-the-construction-sector-in-the-uae/,Impact of Construction ERP Software in the UAE - Tactive,Explore the impact of Construction ERP Software on the construction sector in the UAE with Tactive&#039;s insights.,0,90,0.00%,48.04,0,0,0,0,0,0,0,0,0,April,141,0.00%,41.87,0,0,0,0,0,0,0,0,,May
112,https://www.tactivesoft.com/blog/cost-control-in-construction-project-management-software/,Adoption of Construction Management Software to Achieve Cost Control.,Gain insights from industry experts through Tactive's expert talk series. Stay informed about the latest trends and best practices in the construction sector.,0,297,0.00%,42.39,1,1,1,9,2,0,0,0,0,April,341,0.00%,41.08,2,2,1,11.5,5,0,0,0,,May
113,https://www.tactivesoft.com/blog/managing-complex-projects-with-construction-erp-software/,Managing Complex Projects with Construction ERP Software - Tactive ERP,Learn how Tactive&#039;s Construction ERP Software simplifies the management of complex construction projects.,0,23,0.00%,12.7,0,0,0,0,0,0,0,0,0,April,30,0.00%,5.23,0,0,0,0,0,0,0,0,,May
114,https://www.tactivesoft.com/blog/construction-management-software-for-project-visibility-scalability/,Construction Management Software for Project Visibility &amp; Scalability.,Explore the digital transformation of India&#039;s construction sector with insights from Tactive. Know the technological advancements shaping the industry&#039;s future.,0,80,0.00%,15.36,0,0,0,0,0,0,0,0,0,April,147,0.00%,13.91,0,0,0,0,0,0,0,0,,May
115,https://www.tactivesoft.com/blog/role-of-construction-procurement-management/,Role Of Construction Procurement Management - Tactive ERP,Explore the role of construction procurement management in the construction industry with Tactive&#039;s insights.,0,138,0.00%,27.46,0,0,0,0,0,0,0,0,0,April,222,0.00%,29.62,1,1,1,0,3,0,0,1,,May
116,https://www.tactivesoft.com/blog/tactive-top-construction-management-software-2020/,Top Construction Management Software 2020 - Tactive ERP,Find out why Tactive&#039;s Construction ERP Software ranks among the top choices in 2020. Uncover the features that make us a preferred solution for builders.,0,3,0.00%,55.33,0,0,0,0,0,0,0,0,0,April,0,0.00%,0,0,0,0,0,0,0,0,0,,May
117,https://www.tactivesoft.com/blog/thank-you-for-visiting-our-stall-at-redecon2020/,Thank You for Visiting Our Stall at REDECON2020 - Tactive ERP,Thank you for visiting our stall at REDECON2020! Tactive appreciates your presence and looks forward to continued engagement.,0,131,0.00%,9.1,0,0,0,0,0,0,0,0,1,April,86,1.16%,10.31,1,1,1,0,5,0,0,1,,May
118,https://www.tactivesoft.com/blog/redecon2020-national-seminar-and-exhibition/,REDECON2020 - National Seminar and Exhibition - Tactive ERP,"Explore Tactive&#039;s involvement in REDECON2020, a national seminar and exhibition event. Learn about our contributions to advancing construction practices.",0,0,0.00%,0,0,0,0,0,0,0,0,0,0,April,0,0.00%,0,0,0,0,0,0,0,0,0,,May
119,https://www.tactivesoft.com/blog/were-excited-to-be-exhibiting-at-the-excon-2019-bengaluru-this-december/,Tactive Exhibition at The Excon 2019 - Bengaluru.,Explore Tactive&#039;s Exhibition at The Excon 2019 in Bengaluru. Witness cutting-edge solutions and innovations that redefine the construction industry.,0,2,0.00%,5.5,0,0,0,0,0,0,0,0,0,April,0,0.00%,0,0,0,0,0,0,0,0,0,,May
120,https://www.tactivesoft.com/glossary/,Glossary - Tactive ERP,Expand your industry knowledge with Tactive. Stay informed and elevate your construction business with our expertise and cutting-edge solutions.,0,11,0.00%,12.36,3,3,1,12.66666667,7,0,0,0,0,April,11,0.00%,10.45,4,3,1.333333,1.333333333,6,0,0,0.333333,,May
121,https://www.tactivesoft.com/industry-insights/,Indian Construction Industry Awards - Tactive ERP,"Dive into Tactive's contributions to the Indian construction industry. Explore our achievements, innovations, and impact on shaping the future of construction.",0,10,0.00%,13.1,2,1,2,116,4,0,0,0,0,April,12,0.00%,9,7,2,3.5,6.5,8,0,0,0.5,,May
122,https://www.tactivesoft.com/tips-and-trends/,Tips + Trends - Tactive ERP,Stay at the forefront of industry developments with Tactive's insights on Construction ERP Software trends. Elevate your strategy and knowledge base.,0,32,0.00%,11.06,6,4,1.5,23.75,16,0,0,0.333333,0,April,33,0.00%,9.64,42,11,3.818182,17.18181818,70,0,0,0.176471,,May
123,https://www.tactivesoft.com/blogs/,Blog - Tactive ERP,"Explore Tactive's insightful blogs for the latest industry trends and updates. Stay informed, stay ahead of the curve with our valuable insights and expert perspectives.",0,34,0.00%,10.06,47,30,1.566667,22.96666667,105,0,0,0.055556,0,April,26,0.00%,11.15,57,29,1.965517,45.4137931,108,0,0,0.085714,,May
